log,max_bonddim,status,step,phase,seconds,krylov_nobs,krylov_min,krylov_max,krylov_mean
H77_T4_m8.log,8,completed,1,startup_combined,181.050267,,,,
H77_T4_m8.log,8,completed,2,normal,47.697005,194,13,17,15.010309278350515
H77_T4_m8.log,8,completed,3,normal,47.993730,194,13,17,14.927835051546392
H77_T4_m8.log,8,completed,4,normal,47.588732,194,13,15,14.855670103092784
H77_T4_m8.log,8,completed,5,normal,47.370157,194,13,15,14.814432989690722
H77_T4_m8.log,8,completed,6,normal,47.324190,194,13,15,14.762886597938145
H77_T4_m8.log,8,completed,7,normal,47.377053,194,13,15,14.742268041237113
H77_T4_m8.log,8,completed,8,normal,47.285957,194,13,15,14.587628865979381
H77_T4_m8.log,8,completed,9,normal,47.683628,194,13,15,14.329896907216495
H77_T4_m8.log,8,completed,10,normal,47.459531,194,13,15,14.185567010309278
H77_T4_m8.log,8,completed,11,normal,47.636141,194,13,15,13.927835051546392
H77_T4_m8.log,8,completed,12,normal,47.181967,194,13,15,13.845360824742269
H77_T4_m8.log,8,completed,13,normal,47.237542,194,13,15,13.711340206185566
H77_T4_m8.log,8,completed,14,normal,46.952006,194,13,15,13.556701030927835
H77_T4_m8.log,8,completed,15,normal,46.979670,194,13,15,13.505154639175258
H77_T4_m8.log,8,completed,16,normal,46.758012,194,13,15,13.422680412371134
H77_T4_m8.log,8,completed,17,normal,46.860080,194,11,15,13.309278350515465
H77_T4_m8.log,8,completed,18,normal,46.821768,194,11,15,13.216494845360824
H77_T4_m8.log,8,completed,19,normal,46.882214,194,11,15,13.175257731958762
H77_T4_m8.log,8,completed,20,normal,46.533064,194,11,15,13.072164948453608
H77_T4_m8.log,8,completed,21,normal,46.769698,194,11,15,13.061855670103093
H77_T4_m8.log,8,completed,22,normal,46.683621,194,11,15,12.97938144329897
H77_T4_m8.log,8,completed,23,normal,46.606782,194,11,15,12.938144329896907
H77_T4_m8.log,8,completed,24,normal,46.503559,194,11,15,12.907216494845361
H77_T4_m8.log,8,completed,25,normal,46.675110,194,11,15,12.907216494845361
H77_T4_m8.log,8,completed,26,normal,46.529713,194,11,15,12.88659793814433
H77_T4_m8.log,8,completed,27,normal,46.816402,194,11,15,12.845360824742269
H77_T4_m8.log,8,completed,28,normal,46.703410,194,11,15,12.845360824742269
H77_T4_m8.log,8,completed,29,normal,46.743977,194,11,15,12.804123711340207
H77_T4_m8.log,8,completed,30,normal,46.804287,194,11,15,12.793814432989691
H77_T4_m8.log,8,completed,31,normal,46.555216,194,11,15,12.793814432989691
H77_T4_m8.log,8,completed,32,normal,46.436944,194,11,15,12.783505154639176
H77_T4_m8.log,8,completed,33,normal,46.637129,194,11,15,12.762886597938145
H77_T4_m8.log,8,completed,34,normal,46.590435,194,11,15,12.742268041237113
H77_T4_m8.log,8,completed,35,normal,46.842427,194,11,15,12.721649484536082
H77_T4_m8.log,8,completed,36,normal,46.551591,194,11,15,12.711340206185566
H77_T4_m8.log,8,completed,37,normal,46.521225,194,11,15,12.711340206185566
H77_T4_m8.log,8,completed,38,normal,46.763043,194,11,15,12.70103092783505
H77_T4_m8.log,8,completed,39,normal,46.685103,194,11,15,12.70103092783505
H77_T4_m8.log,8,completed,40,normal,46.425765,194,11,15,12.690721649484535
H77_T4_m8.log,8,completed,41,normal,46.679728,194,11,15,12.690721649484535
H77_T4_m8.log,8,completed,42,normal,46.326076,194,11,15,12.690721649484535
H77_T4_m8.log,8,completed,43,normal,46.759724,194,11,15,12.690721649484535
H77_T4_m8.log,8,completed,44,normal,46.659869,194,11,15,12.690721649484535
H77_T4_m8.log,8,completed,45,normal,46.704213,194,11,15,12.690721649484535
H77_T4_m8.log,8,completed,46,normal,46.609882,194,11,15,12.690721649484535
H77_T4_m8.log,8,completed,47,normal,46.470905,194,11,15,12.690721649484535
H77_T4_m8.log,8,completed,48,normal,46.414917,194,11,15,12.690721649484535
H77_T4_m8.log,8,completed,49,normal,46.411775,194,11,15,12.690721649484535
H77_T4_m8.log,8,completed,50,normal,46.203513,194,11,15,12.68041237113402
H77_T4_m8.log,8,completed,51,normal,46.488823,194,11,15,12.68041237113402
H77_T4_m8.log,8,completed,52,normal,46.392852,194,11,13,12.670103092783505
H77_T4_m8.log,8,completed,53,normal,46.530058,194,11,13,12.649484536082474
H77_T4_m8.log,8,completed,54,normal,46.243903,194,11,13,12.649484536082474
H77_T4_m8.log,8,completed,55,normal,46.615848,194,11,13,12.649484536082474
H77_T4_m8.log,8,completed,56,normal,46.469597,194,11,13,12.649484536082474
H77_T4_m8.log,8,completed,57,normal,46.664009,194,11,13,12.649484536082474
H77_T4_m8.log,8,completed,58,normal,46.333007,194,11,13,12.649484536082474
H77_T4_m8.log,8,completed,59,normal,46.564491,194,11,13,12.649484536082474
H77_T4_m8.log,8,completed,60,normal,46.348575,194,11,13,12.649484536082474
H77_T4_m8.log,8,completed,61,normal,46.377740,194,11,13,12.649484536082474
H77_T4_m8.log,8,completed,62,normal,46.325785,194,11,13,12.649484536082474
H77_T4_m8.log,8,completed,63,normal,46.087515,194,11,13,12.649484536082474
H77_T4_m8.log,8,completed,64,normal,46.341881,194,11,13,12.649484536082474
H77_T4_m8.log,8,completed,65,normal,46.443993,194,11,13,12.649484536082474
H77_T4_m8.log,8,completed,66,normal,46.406668,194,11,13,12.649484536082474
H77_T4_m8.log,8,completed,67,normal,46.374523,194,11,13,12.649484536082474
H77_T4_m8.log,8,completed,68,normal,46.188046,194,11,13,12.649484536082474
H77_T4_m8.log,8,completed,69,normal,46.363067,194,11,13,12.649484536082474
H77_T4_m8.log,8,completed,70,normal,46.575549,194,11,13,12.649484536082474
H77_T4_m8.log,8,completed,71,normal,46.222322,194,11,13,12.639175257731958
H77_T4_m8.log,8,completed,72,normal,46.171696,194,11,13,12.639175257731958
H77_T4_m8.log,8,completed,73,normal,46.663036,194,11,13,12.639175257731958
H77_T4_m8.log,8,completed,74,normal,46.414207,194,11,13,12.639175257731958
H77_T4_m8.log,8,completed,75,normal,46.391825,194,11,13,12.628865979381443
H77_T4_m8.log,8,completed,76,normal,46.274056,194,11,13,12.628865979381443
H77_T4_m8.log,8,completed,77,normal,47.008584,194,11,13,12.628865979381443
H77_T4_m8.log,8,completed,78,normal,46.466620,194,11,13,12.618556701030927
H77_T4_m8.log,8,completed,79,normal,46.713502,194,11,13,12.618556701030927
H77_T4_m8.log,8,completed,80,normal,46.752509,194,11,13,12.618556701030927
H77_T4_m8.log,8,completed,81,normal,46.876303,194,11,13,12.618556701030927
H77_T4_m8.log,8,completed,82,normal,46.828927,194,11,13,12.618556701030927
H77_T4_m8.log,8,completed,83,normal,46.863600,194,11,13,12.608247422680412
H77_T4_m8.log,8,completed,84,normal,46.304926,194,11,13,12.608247422680412
H77_T4_m8.log,8,completed,85,normal,46.605915,194,11,13,12.608247422680412
H77_T4_m8.log,8,completed,86,normal,46.591409,194,11,13,12.587628865979381
H77_T4_m8.log,8,completed,87,normal,47.009516,194,11,13,12.577319587628866
H77_T4_m8.log,8,completed,88,normal,46.777289,194,11,13,12.56701030927835
H77_T4_m8.log,8,completed,89,normal,46.780431,194,11,13,12.525773195876289
H77_T4_m8.log,8,completed,90,normal,46.884071,194,11,13,12.525773195876289
H77_T4_m8.log,8,completed,91,normal,47.014707,194,11,13,12.525773195876289
H77_T4_m8.log,8,completed,92,normal,46.712115,194,11,13,12.536082474226804
H77_T4_m8.log,8,completed,93,normal,46.910956,194,11,13,12.54639175257732
H77_T4_m8.log,8,completed,94,normal,46.926869,194,11,13,12.54639175257732
H77_T4_m8.log,8,completed,95,normal,46.890723,194,11,13,12.54639175257732
H77_T4_m8.log,8,completed,96,normal,46.841443,194,11,13,12.54639175257732
H77_T4_m8.log,8,completed,97,normal,46.701188,194,11,13,12.54639175257732
H77_T4_m8.log,8,completed,98,normal,46.595065,194,11,13,12.54639175257732
H77_T4_m8.log,8,completed,99,normal,47.051482,194,11,13,12.536082474226804
H77_T4_m8.log,8,completed,100,normal,46.720411,194,11,13,12.505154639175258
H77_T4_m8.log,8,completed,101,normal,46.893822,194,11,13,12.505154639175258
H77_T4_m8.log,8,completed,102,normal,47.002862,194,11,13,12.505154639175258
H77_T4_m8.log,8,completed,103,normal,46.828140,194,11,13,12.505154639175258
H77_T4_m8.log,8,completed,104,normal,46.869723,194,11,13,12.494845360824742
H77_T4_m8.log,8,completed,105,normal,46.823165,194,11,13,12.494845360824742
H77_T4_m8.log,8,completed,106,normal,46.655295,194,11,13,12.484536082474227
H77_T4_m8.log,8,completed,107,normal,46.844840,194,11,13,12.484536082474227
H77_T4_m8.log,8,completed,108,normal,46.815446,194,11,13,12.474226804123711
H77_T4_m8.log,8,completed,109,normal,46.867502,194,11,13,12.494845360824742
H77_T4_m8.log,8,completed,110,normal,46.791712,194,11,13,12.494845360824742
H77_T4_m8.log,8,completed,111,normal,46.942792,194,11,13,12.505154639175258
H77_T4_m8.log,8,completed,112,normal,46.589866,194,11,13,12.505154639175258
H77_T4_m8.log,8,completed,113,normal,46.343008,194,11,13,12.505154639175258
H77_T4_m8.log,8,completed,114,normal,46.318618,194,11,13,12.505154639175258
H77_T4_m8.log,8,completed,115,normal,46.669877,194,11,13,12.505154639175258
H77_T4_m8.log,8,completed,116,normal,46.511219,194,11,13,12.505154639175258
H77_T4_m8.log,8,completed,117,normal,46.489283,194,11,13,12.505154639175258
H77_T4_m8.log,8,completed,118,normal,46.696244,194,11,13,12.505154639175258
H77_T4_m8.log,8,completed,119,normal,46.780631,194,11,13,12.505154639175258
H77_T4_m8.log,8,completed,120,normal,46.783482,194,11,13,12.505154639175258
H77_T4_m8.log,8,completed,121,normal,46.808673,194,11,13,12.505154639175258
H77_T4_m8.log,8,completed,122,normal,46.519731,194,11,13,12.505154639175258
H77_T4_m8.log,8,completed,123,normal,46.827315,194,11,13,12.505154639175258
H77_T4_m8.log,8,completed,124,normal,46.727485,194,11,13,12.505154639175258
H77_T4_m8.log,8,completed,125,normal,46.910092,194,11,13,12.505154639175258
H77_T4_m8.log,8,completed,126,normal,46.910535,194,11,13,12.505154639175258
H77_T4_m8.log,8,completed,127,normal,47.078688,194,11,13,12.505154639175258
H77_T4_m8.log,8,completed,128,normal,46.952418,194,11,13,12.505154639175258
H77_T4_m8.log,8,completed,129,normal,46.955799,194,11,13,12.505154639175258
H77_T4_m8.log,8,completed,130,normal,46.712088,194,11,13,12.505154639175258
H77_T4_m8.log,8,completed,131,normal,46.905651,194,11,13,12.505154639175258
H77_T4_m8.log,8,completed,132,normal,46.502505,194,11,13,12.505154639175258
H77_T4_m8.log,8,completed,133,normal,46.646288,194,11,13,12.505154639175258
H77_T4_m8.log,8,completed,134,normal,46.667527,194,11,13,12.505154639175258
H77_T4_m8.log,8,completed,135,normal,46.556012,194,11,13,12.505154639175258
H77_T4_m8.log,8,completed,136,normal,46.611021,194,11,13,12.505154639175258
H77_T4_m8.log,8,completed,137,normal,46.682149,194,11,13,12.494845360824742
H77_T4_m8.log,8,completed,138,normal,46.650937,194,11,13,12.484536082474227
H77_T4_m8.log,8,completed,139,normal,46.564418,194,11,13,12.484536082474227
H77_T4_m8.log,8,completed,140,normal,46.475108,194,11,13,12.484536082474227
H77_T4_m8.log,8,completed,141,normal,46.679543,194,11,13,12.474226804123711
H77_T4_m8.log,8,completed,142,normal,46.512540,194,11,13,12.474226804123711
H77_T4_m8.log,8,completed,143,normal,46.562799,194,11,13,12.463917525773196
H77_T4_m8.log,8,completed,144,normal,46.259180,194,11,13,12.45360824742268
H77_T4_m8.log,8,completed,145,normal,46.171963,194,11,13,12.45360824742268
H77_T4_m8.log,8,completed,146,normal,46.144944,194,11,13,12.45360824742268
H77_T4_m8.log,8,completed,147,normal,46.342130,194,11,13,12.45360824742268
H77_T4_m8.log,8,completed,148,normal,46.608253,194,11,13,12.45360824742268
H77_T4_m8.log,8,completed,149,normal,46.617644,194,11,13,12.45360824742268
H77_T4_m8.log,8,completed,150,normal,46.537059,194,11,13,12.43298969072165
H77_T4_m8.log,8,completed,151,normal,46.610564,194,11,13,12.43298969072165
H77_T4_m8.log,8,completed,152,normal,46.934860,194,11,13,12.422680412371134
H77_T4_m8.log,8,completed,153,normal,46.585634,194,11,13,12.422680412371134
H77_T4_m8.log,8,completed,154,normal,46.277168,194,11,13,12.422680412371134
H77_T4_m8.log,8,completed,155,normal,46.483726,194,11,13,12.422680412371134
H77_T4_m8.log,8,completed,156,normal,46.392116,194,11,13,12.43298969072165
H77_T4_m8.log,8,completed,157,normal,46.879230,194,11,13,12.443298969072165
H77_T4_m8.log,8,completed,158,normal,46.314179,194,11,13,12.43298969072165
H77_T4_m8.log,8,completed,159,normal,46.349466,194,11,13,12.43298969072165
H77_T4_m8.log,8,completed,160,normal,46.770442,194,11,13,12.43298969072165
H77_T4_m8.log,8,completed,161,normal,46.993354,194,11,13,12.43298969072165
H77_T4_m8.log,8,completed,162,normal,47.037739,194,11,13,12.43298969072165
H77_T4_m8.log,8,completed,163,normal,46.611779,194,11,13,12.43298969072165
H77_T4_m8.log,8,completed,164,normal,46.358591,194,11,13,12.43298969072165
H77_T4_m8.log,8,completed,165,normal,46.988891,194,11,13,12.43298969072165
H77_T4_m8.log,8,completed,166,normal,46.609767,194,11,13,12.43298969072165
H77_T4_m8.log,8,completed,167,normal,46.767697,194,11,13,12.43298969072165
H77_T4_m8.log,8,completed,168,normal,46.746917,194,11,13,12.43298969072165
H77_T4_m8.log,8,completed,169,normal,46.896837,194,11,13,12.43298969072165
H77_T4_m8.log,8,completed,170,normal,46.837347,194,11,13,12.443298969072165
H77_T4_m8.log,8,completed,171,normal,47.205486,194,11,13,12.45360824742268
H77_T4_m8.log,8,completed,172,normal,46.882657,194,11,13,12.43298969072165
H77_T4_m8.log,8,completed,173,normal,46.651784,194,11,13,12.422680412371134
H77_T4_m8.log,8,completed,174,normal,46.341727,194,11,13,12.412371134020619
H77_T4_m8.log,8,completed,175,normal,46.265315,194,11,13,12.402061855670103
H77_T4_m8.log,8,completed,176,normal,46.212251,194,11,13,12.402061855670103
H77_T4_m8.log,8,completed,177,normal,46.335035,194,11,13,12.402061855670103
H77_T4_m8.log,8,completed,178,normal,46.985577,194,11,13,12.402061855670103
H77_T4_m8.log,8,completed,179,normal,47.004019,194,11,13,12.402061855670103
H77_T4_m8.log,8,completed,180,normal,46.702182,194,11,13,12.402061855670103
H77_T4_m8.log,8,completed,181,normal,46.154686,194,11,13,12.402061855670103
H77_T4_m8.log,8,completed,182,normal,46.080526,194,11,13,12.402061855670103
H77_T4_m8.log,8,completed,183,normal,46.306121,194,11,13,12.402061855670103
H77_T4_m8.log,8,completed,184,normal,46.198742,194,11,13,12.381443298969073
H77_T4_m8.log,8,completed,185,normal,46.259908,194,11,13,12.371134020618557
H77_T4_m8.log,8,completed,186,normal,46.190177,194,11,13,12.371134020618557
H77_T4_m8.log,8,completed,187,normal,47.038268,194,11,13,12.371134020618557
H77_T4_m8.log,8,completed,188,normal,46.516662,194,11,13,12.371134020618557
H77_T4_m8.log,8,completed,189,normal,46.528315,194,11,13,12.371134020618557
H77_T4_m8.log,8,completed,190,normal,46.328516,194,11,13,12.371134020618557
H77_T4_m8.log,8,completed,191,normal,46.617117,194,11,13,12.371134020618557
H77_T4_m8.log,8,completed,192,normal,46.382161,194,11,13,12.371134020618557
H77_T4_m8.log,8,completed,193,normal,46.268351,194,11,13,12.360824742268042
H77_T4_m8.log,8,completed,194,normal,46.228114,194,11,13,12.360824742268042
H77_T4_m8.log,8,completed,195,normal,46.760229,194,11,13,12.350515463917526
H77_T4_m8.log,8,completed,196,normal,46.750446,194,11,13,12.350515463917526
H77_T4_m8.log,8,completed,197,normal,47.270404,194,11,13,12.350515463917526
H77_T4_m8.log,8,completed,198,normal,46.553146,194,11,13,12.350515463917526
H77_T4_m8.log,8,completed,199,normal,46.715450,194,11,13,12.350515463917526
H77_T4_m8.log,8,completed,200,normal,46.890953,194,11,13,12.350515463917526
H77_T4_m8.log,8,completed,201,normal,46.741135,194,11,13,12.350515463917526
H77_T4_m8.log,8,completed,202,normal,46.578837,194,11,13,12.350515463917526
H77_T4_m8.log,8,completed,203,normal,46.716058,194,11,13,12.350515463917526
H77_T4_m8.log,8,completed,204,normal,46.561202,194,11,13,12.350515463917526
H77_T4_m8.log,8,completed,205,normal,47.081157,194,11,13,12.350515463917526
H77_T4_m8.log,8,completed,206,normal,46.619962,194,11,13,12.34020618556701
H77_T4_m8.log,8,completed,207,normal,46.387657,194,11,13,12.329896907216495
H77_T4_m8.log,8,completed,208,normal,46.615450,194,11,13,12.329896907216495
H77_T4_m8.log,8,completed,209,normal,46.806696,194,11,13,12.329896907216495
H77_T4_m8.log,8,completed,210,normal,46.765244,194,11,13,12.329896907216495
H77_T4_m8.log,8,completed,211,normal,46.661852,194,11,13,12.329896907216495
H77_T4_m8.log,8,completed,212,normal,46.452403,194,11,13,12.329896907216495
H77_T4_m8.log,8,completed,213,normal,46.913898,194,11,13,12.329896907216495
H77_T4_m8.log,8,completed,214,normal,46.950321,194,11,13,12.329896907216495
H77_T4_m8.log,8,completed,215,normal,46.749454,194,11,13,12.329896907216495
H77_T4_m8.log,8,completed,216,normal,46.878834,194,11,13,12.329896907216495
H77_T4_m8.log,8,completed,217,normal,46.775600,194,11,13,12.329896907216495
H77_T4_m8.log,8,completed,218,normal,46.328892,194,11,13,12.329896907216495
H77_T4_m8.log,8,completed,219,normal,46.314169,194,11,13,12.31958762886598
H77_T4_m8.log,8,completed,220,normal,46.107213,194,11,13,12.31958762886598
H77_T4_m8.log,8,completed,221,normal,46.664187,194,11,13,12.309278350515465
H77_T4_m8.log,8,completed,222,normal,46.469776,194,11,13,12.309278350515465
H77_T4_m8.log,8,completed,223,normal,46.530193,194,11,13,12.309278350515465
H77_T4_m8.log,8,completed,224,normal,46.421343,194,11,13,12.309278350515465
H77_T4_m8.log,8,completed,225,normal,46.290969,194,11,13,12.309278350515465
H77_T4_m8.log,8,completed,226,normal,46.299599,194,11,13,12.309278350515465
H77_T4_m8.log,8,completed,227,normal,46.510276,194,11,13,12.29896907216495
H77_T4_m8.log,8,completed,228,normal,46.171823,194,11,13,12.29896907216495
H77_T4_m8.log,8,completed,229,normal,46.623085,194,11,13,12.29896907216495
H77_T4_m8.log,8,completed,230,normal,46.615033,194,11,13,12.29896907216495
H77_T4_m8.log,8,completed,231,normal,46.574663,194,11,13,12.29896907216495
H77_T4_m8.log,8,completed,232,normal,46.236217,194,11,13,12.29896907216495
H77_T4_m8.log,8,completed,233,normal,46.364034,194,11,13,12.29896907216495
H77_T4_m8.log,8,completed,234,normal,46.328416,194,11,13,12.29896907216495
H77_T4_m8.log,8,completed,235,normal,46.279198,194,11,13,12.288659793814434
H77_T4_m8.log,8,completed,236,normal,46.048347,194,11,13,12.288659793814434
H77_T4_m8.log,8,completed,237,normal,46.271394,194,11,13,12.288659793814434
H77_T4_m8.log,8,completed,238,normal,46.572271,194,11,13,12.288659793814434
H77_T4_m8.log,8,completed,239,normal,46.645776,194,11,13,12.288659793814434
H77_T4_m8.log,8,completed,240,normal,46.553801,194,11,13,12.278350515463918
H77_T4_m8.log,8,completed,241,normal,46.536706,194,11,13,12.278350515463918
H77_T4_m8.log,8,completed,242,normal,46.170585,194,11,13,12.278350515463918
H77_T4_m8.log,8,completed,243,normal,46.522366,194,11,13,12.278350515463918
H77_T4_m8.log,8,completed,244,normal,46.293944,194,11,13,12.278350515463918
H77_T4_m8.log,8,completed,245,normal,46.655975,194,11,13,12.278350515463918
H77_T4_m8.log,8,completed,246,normal,46.329335,194,11,13,12.278350515463918
H77_T4_m8.log,8,completed,247,normal,46.689352,194,11,13,12.278350515463918
H77_T4_m8.log,8,completed,248,normal,46.759607,194,11,13,12.278350515463918
H77_T4_m8.log,8,completed,249,normal,46.696079,194,11,13,12.278350515463918
H77_T4_m8.log,8,completed,250,normal,46.066540,194,11,13,12.278350515463918
H77_T4_m16.log,16,completed,1,startup_combined,377.838561,,,,
H77_T4_m16.log,16,completed,2,normal,107.365000,194,15,17,15.989690721649485
H77_T4_m16.log,16,completed,3,normal,107.020276,194,15,17,16.010309278350515
H77_T4_m16.log,16,completed,4,normal,108.711239,194,15,17,15.927835051546392
H77_T4_m16.log,16,completed,5,normal,108.227116,194,15,17,15.75257731958763
H77_T4_m16.log,16,completed,6,normal,108.144537,194,15,17,15.515463917525773
H77_T4_m16.log,16,completed,7,normal,107.485283,194,15,17,15.371134020618557
H77_T4_m16.log,16,completed,8,normal,107.539769,194,15,17,15.195876288659793
H77_T4_m16.log,16,completed,9,normal,105.845952,194,13,17,15.030927835051546
H77_T4_m16.log,16,completed,10,normal,105.664374,194,13,15,14.958762886597938
H77_T4_m16.log,16,completed,11,normal,105.300952,194,13,15,14.938144329896907
H77_T4_m16.log,16,completed,12,normal,106.535589,194,13,15,14.927835051546392
H77_T4_m16.log,16,completed,13,normal,104.866540,194,13,15,14.938144329896907
H77_T4_m16.log,16,completed,14,normal,105.697969,194,13,15,14.917525773195877
H77_T4_m16.log,16,completed,15,normal,105.129909,194,13,15,14.907216494845361
H77_T4_m16.log,16,completed,16,normal,106.185372,194,13,15,14.896907216494846
H77_T4_m16.log,16,completed,17,normal,105.186280,194,13,15,14.835051546391753
H77_T4_m16.log,16,completed,18,normal,106.523111,194,13,15,14.70103092783505
H77_T4_m16.log,16,completed,19,normal,105.361148,194,13,15,14.65979381443299
H77_T4_m16.log,16,completed,20,normal,105.882061,194,13,15,14.525773195876289
H77_T4_m16.log,16,completed,21,normal,105.065812,194,13,15,14.443298969072165
H77_T4_m16.log,16,completed,22,normal,105.587468,194,13,15,14.329896907216495
H77_T4_m16.log,16,completed,23,normal,105.039503,194,13,15,14.206185567010309
H77_T4_m16.log,16,completed,24,normal,105.138817,194,13,15,14.041237113402062
H77_T4_m16.log,16,completed,25,normal,104.834119,194,13,15,13.917525773195877
H77_T4_m16.log,16,completed,26,normal,105.690468,194,13,15,13.845360824742269
H77_T4_m16.log,16,completed,27,normal,103.935456,194,13,15,13.77319587628866
H77_T4_m16.log,16,completed,28,normal,104.458351,194,13,15,13.731958762886597
H77_T4_m16.log,16,completed,29,normal,104.048172,194,13,15,13.690721649484535
H77_T4_m16.log,16,completed,30,normal,104.521655,194,13,15,13.65979381443299
H77_T4_m16.log,16,completed,31,normal,103.041191,194,13,15,13.597938144329897
H77_T4_m16.log,16,completed,32,normal,103.800744,194,13,15,13.56701030927835
H77_T4_m16.log,16,completed,33,normal,104.274780,194,13,15,13.556701030927835
H77_T4_m16.log,16,completed,34,normal,105.167764,194,13,15,13.556701030927835
H77_T4_m16.log,16,completed,35,normal,103.852868,194,13,15,13.54639175257732
H77_T4_m16.log,16,completed,36,normal,104.161343,194,13,15,13.536082474226804
H77_T4_m16.log,16,completed,37,normal,104.350304,194,11,15,13.515463917525773
H77_T4_m16.log,16,completed,38,normal,104.746787,194,11,15,13.515463917525773
H77_T4_m16.log,16,completed,39,normal,104.302877,194,11,15,13.515463917525773
H77_T4_m16.log,16,completed,40,normal,104.881249,194,11,15,13.484536082474227
H77_T4_m16.log,16,completed,41,normal,104.254984,194,11,15,13.474226804123711
H77_T4_m16.log,16,completed,42,normal,104.440941,194,11,15,13.474226804123711
H77_T4_m16.log,16,completed,43,normal,104.014435,194,11,15,13.474226804123711
H77_T4_m16.log,16,completed,44,normal,104.970388,194,11,15,13.474226804123711
H77_T4_m16.log,16,completed,45,normal,104.013510,194,11,15,13.474226804123711
H77_T4_m16.log,16,completed,46,normal,103.682636,194,11,15,13.474226804123711
H77_T4_m16.log,16,completed,47,normal,103.970217,194,11,15,13.45360824742268
H77_T4_m16.log,16,completed,48,normal,103.367235,194,11,15,13.422680412371134
H77_T4_m16.log,16,completed,49,normal,103.196966,194,11,15,13.422680412371134
H77_T4_m16.log,16,completed,50,normal,103.806146,194,11,15,13.422680412371134
H77_T4_m16.log,16,completed,51,normal,103.404046,194,11,15,13.422680412371134
H77_T4_m16.log,16,completed,52,normal,103.952068,194,11,15,13.422680412371134
H77_T4_m16.log,16,completed,53,normal,103.558447,194,11,15,13.422680412371134
H77_T4_m16.log,16,completed,54,normal,104.434640,194,11,15,13.422680412371134
H77_T4_m16.log,16,completed,55,normal,104.122923,194,11,15,13.422680412371134
H77_T4_m16.log,16,completed,56,normal,104.721320,194,11,15,13.412371134020619
H77_T4_m16.log,16,completed,57,normal,104.638194,194,11,15,13.391752577319588
H77_T4_m16.log,16,completed,58,normal,103.930390,194,11,15,13.381443298969073
H77_T4_m16.log,16,completed,59,normal,104.275211,194,11,15,13.360824742268042
H77_T4_m16.log,16,completed,60,normal,104.557371,194,11,15,13.360824742268042
H77_T4_m16.log,16,completed,61,normal,103.666303,194,11,15,13.360824742268042
H77_T4_m16.log,16,completed,62,normal,103.718780,194,11,15,13.360824742268042
H77_T4_m16.log,16,completed,63,normal,102.800975,194,11,15,13.360824742268042
H77_T4_m16.log,16,completed,64,normal,104.076017,194,11,15,13.360824742268042
H77_T4_m16.log,16,completed,65,normal,104.390943,194,11,15,13.360824742268042
H77_T4_m16.log,16,completed,66,normal,103.780631,194,11,15,13.360824742268042
H77_T4_m16.log,16,completed,67,normal,102.789226,194,11,15,13.360824742268042
H77_T4_m16.log,16,completed,68,normal,103.728124,194,11,15,13.360824742268042
H77_T4_m16.log,16,completed,69,normal,104.079683,194,11,15,13.360824742268042
H77_T4_m16.log,16,completed,70,normal,103.240622,194,11,15,13.350515463917526
H77_T4_m16.log,16,completed,71,normal,102.884836,194,11,15,13.350515463917526
H77_T4_m16.log,16,completed,72,normal,103.073452,194,11,15,13.350515463917526
H77_T4_m16.log,16,completed,73,normal,103.483483,194,11,15,13.350515463917526
H77_T4_m16.log,16,completed,74,normal,103.476732,194,11,15,13.34020618556701
H77_T4_m16.log,16,completed,75,normal,102.720931,194,11,15,13.34020618556701
H77_T4_m16.log,16,completed,76,normal,103.725394,194,11,15,13.34020618556701
H77_T4_m16.log,16,completed,77,normal,102.916220,194,11,15,13.34020618556701
H77_T4_m16.log,16,completed,78,normal,102.979104,194,11,15,13.34020618556701
H77_T4_m16.log,16,completed,79,normal,103.235956,194,11,15,13.34020618556701
H77_T4_m16.log,16,completed,80,normal,103.639223,194,11,15,13.34020618556701
H77_T4_m16.log,16,completed,81,normal,103.393515,194,11,15,13.34020618556701
H77_T4_m16.log,16,completed,82,normal,103.306481,194,11,15,13.31958762886598
H77_T4_m16.log,16,completed,83,normal,102.958754,194,11,15,13.309278350515465
H77_T4_m16.log,16,completed,84,normal,103.452287,194,11,15,13.29896907216495
H77_T4_m16.log,16,completed,85,normal,103.314555,194,11,15,13.268041237113403
H77_T4_m16.log,16,completed,86,normal,104.058346,194,11,15,13.257731958762887
H77_T4_m16.log,16,completed,87,normal,104.256680,194,11,15,13.237113402061855
H77_T4_m16.log,16,completed,88,normal,104.289729,194,11,15,13.22680412371134
H77_T4_m16.log,16,completed,89,normal,103.740374,194,11,15,13.216494845360824
H77_T4_m16.log,16,completed,90,normal,103.098394,194,11,15,13.206185567010309
H77_T4_m16.log,16,completed,91,normal,102.913993,194,11,15,13.206185567010309
H77_T4_m16.log,16,completed,92,normal,103.456880,194,11,15,13.185567010309278
H77_T4_m16.log,16,completed,93,normal,104.005571,194,11,15,13.175257731958762
H77_T4_m16.log,16,completed,94,normal,104.311447,194,11,15,13.144329896907216
H77_T4_m16.log,16,completed,95,normal,102.626162,194,11,15,13.144329896907216
H77_T4_m16.log,16,completed,96,normal,102.847247,194,11,15,13.154639175257731
H77_T4_m16.log,16,completed,97,normal,102.874134,194,11,15,13.164948453608247
H77_T4_m16.log,16,completed,98,normal,103.610112,194,11,15,13.164948453608247
H77_T4_m16.log,16,completed,99,normal,103.767633,194,11,15,13.164948453608247
H77_T4_m16.log,16,completed,100,normal,102.975709,194,11,15,13.11340206185567
H77_T4_m16.log,16,completed,101,normal,104.607488,194,11,15,13.123711340206185
H77_T4_m16.log,16,completed,102,normal,103.860984,194,11,15,13.092783505154639
H77_T4_m16.log,16,completed,103,normal,103.655860,194,11,15,13.082474226804123
H77_T4_m16.log,16,completed,104,normal,104.256991,194,11,15,13.082474226804123
H77_T4_m16.log,16,completed,105,normal,102.910388,194,11,15,13.061855670103093
H77_T4_m16.log,16,completed,106,normal,102.765342,194,11,15,13.051546391752577
H77_T4_m16.log,16,completed,107,normal,102.415504,194,11,15,13.030927835051546
H77_T4_m16.log,16,completed,108,normal,103.096309,194,11,15,13.030927835051546
H77_T4_m16.log,16,completed,109,normal,104.402385,194,11,15,13.02061855670103
H77_T4_m16.log,16,completed,110,normal,103.682752,194,11,15,13.02061855670103
H77_T4_m16.log,16,completed,111,normal,103.785501,194,11,15,13.02061855670103
H77_T4_m16.log,16,completed,112,normal,103.774138,194,11,15,13.010309278350515
H77_T4_m16.log,16,completed,113,normal,104.326139,194,11,15,13.010309278350515
H77_T4_m16.log,16,completed,114,normal,104.056730,194,11,15,13.010309278350515
H77_T4_m16.log,16,completed,115,normal,102.868905,194,11,15,13.010309278350515
H77_T4_m16.log,16,completed,116,normal,103.620814,194,11,15,13.010309278350515
H77_T4_m16.log,16,completed,117,normal,103.027369,194,11,15,12.989690721649485
H77_T4_m16.log,16,completed,118,normal,103.266581,194,11,15,12.989690721649485
H77_T4_m16.log,16,completed,119,normal,102.612287,194,11,15,12.989690721649485
H77_T4_m16.log,16,completed,120,normal,103.871404,194,11,15,12.989690721649485
H77_T4_m16.log,16,completed,121,normal,103.410909,194,11,15,12.989690721649485
H77_T4_m16.log,16,completed,122,normal,103.587686,194,11,15,12.989690721649485
H77_T4_m16.log,16,completed,123,normal,102.807424,194,11,15,12.989690721649485
H77_T4_m16.log,16,completed,124,normal,104.026467,194,11,15,12.989690721649485
H77_T4_m16.log,16,completed,125,normal,103.148817,194,11,15,12.989690721649485
H77_T4_m16.log,16,completed,126,normal,103.340036,194,11,15,12.97938144329897
H77_T4_m16.log,16,completed,127,normal,102.380672,194,11,15,12.969072164948454
H77_T4_m16.log,16,completed,128,normal,103.410969,194,11,15,12.938144329896907
H77_T4_m16.log,16,completed,129,normal,102.688604,194,11,15,12.927835051546392
H77_T4_m16.log,16,completed,130,normal,103.046898,194,11,15,12.927835051546392
H77_T4_m16.log,16,completed,131,normal,102.337844,194,11,15,12.927835051546392
H77_T4_m16.log,16,completed,132,normal,103.337717,194,11,15,12.927835051546392
H77_T4_m16.log,16,completed,133,normal,102.878274,194,11,15,12.917525773195877
H77_T4_m16.log,16,completed,134,normal,102.799572,194,11,15,12.917525773195877
H77_T4_m16.log,16,completed,135,normal,102.542606,194,11,15,12.917525773195877
H77_T4_m16.log,16,completed,136,normal,104.378433,194,11,15,12.917525773195877
H77_T4_m16.log,16,completed,137,normal,103.708475,194,11,15,12.917525773195877
H77_T4_m16.log,16,completed,138,normal,103.713634,194,11,15,12.917525773195877
H77_T4_m16.log,16,completed,139,normal,103.978276,194,11,15,12.917525773195877
H77_T4_m16.log,16,completed,140,normal,104.272489,194,11,15,12.917525773195877
H77_T4_m16.log,16,completed,141,normal,103.984595,194,11,15,12.917525773195877
H77_T4_m16.log,16,completed,142,normal,103.814994,194,11,15,12.917525773195877
H77_T4_m16.log,16,completed,143,normal,103.543017,194,11,15,12.917525773195877
H77_T4_m16.log,16,completed,144,normal,104.374786,194,11,15,12.917525773195877
H77_T4_m16.log,16,completed,145,normal,103.756173,194,11,15,12.917525773195877
H77_T4_m16.log,16,completed,146,normal,103.651186,194,11,15,12.907216494845361
H77_T4_m16.log,16,completed,147,normal,103.580237,194,11,15,12.907216494845361
H77_T4_m16.log,16,completed,148,normal,104.115240,194,11,15,12.907216494845361
H77_T4_m16.log,16,completed,149,normal,103.845361,194,11,15,12.907216494845361
H77_T4_m16.log,16,completed,150,normal,103.814758,194,11,15,12.907216494845361
H77_T4_m16.log,16,completed,151,normal,103.508131,194,11,15,12.896907216494846
H77_T4_m16.log,16,completed,152,normal,104.296510,194,11,15,12.896907216494846
H77_T4_m16.log,16,completed,153,normal,103.400548,194,11,15,12.896907216494846
H77_T4_m16.log,16,completed,154,normal,103.739965,194,11,15,12.896907216494846
H77_T4_m16.log,16,completed,155,normal,103.700865,194,11,15,12.88659793814433
H77_T4_m16.log,16,completed,156,normal,104.168840,194,11,15,12.88659793814433
H77_T4_m16.log,16,completed,157,normal,103.944445,194,11,15,12.876288659793815
H77_T4_m16.log,16,completed,158,normal,103.960521,194,11,15,12.876288659793815
H77_T4_m16.log,16,completed,159,normal,102.299035,194,11,15,12.855670103092784
H77_T4_m16.log,16,completed,160,normal,103.366291,194,11,15,12.855670103092784
H77_T4_m16.log,16,completed,161,normal,102.819606,194,11,15,12.855670103092784
H77_T4_m16.log,16,completed,162,normal,102.376855,194,11,15,12.845360824742269
H77_T4_m16.log,16,completed,163,normal,101.977390,194,11,15,12.845360824742269
H77_T4_m16.log,16,completed,164,normal,103.599497,194,11,15,12.845360824742269
H77_T4_m16.log,16,completed,165,normal,102.519894,194,11,15,12.845360824742269
H77_T4_m16.log,16,completed,166,normal,102.461093,194,11,15,12.845360824742269
H77_T4_m16.log,16,completed,167,normal,102.061385,194,11,15,12.845360824742269
H77_T4_m16.log,16,completed,168,normal,103.693314,194,11,15,12.8659793814433
H77_T4_m16.log,16,completed,169,normal,103.253329,194,11,15,12.8659793814433
H77_T4_m16.log,16,completed,170,normal,103.705241,194,11,15,12.8659793814433
H77_T4_m16.log,16,completed,171,normal,103.679501,194,11,15,12.8659793814433
H77_T4_m16.log,16,completed,172,normal,104.028354,194,11,15,12.855670103092784
H77_T4_m16.log,16,completed,173,normal,103.212107,194,11,15,12.855670103092784
H77_T4_m16.log,16,completed,174,normal,103.530883,194,11,15,12.855670103092784
H77_T4_m16.log,16,completed,175,normal,103.918028,194,11,15,12.855670103092784
H77_T4_m16.log,16,completed,176,normal,103.753943,194,11,15,12.855670103092784
H77_T4_m16.log,16,completed,177,normal,102.640404,194,11,15,12.855670103092784
H77_T4_m16.log,16,completed,178,normal,102.562962,194,11,15,12.855670103092784
H77_T4_m16.log,16,completed,179,normal,102.466531,194,11,15,12.835051546391753
H77_T4_m16.log,16,completed,180,normal,103.920312,194,11,15,12.835051546391753
H77_T4_m16.log,16,completed,181,normal,102.440041,194,11,15,12.835051546391753
H77_T4_m16.log,16,completed,182,normal,102.737745,194,11,15,12.835051546391753
H77_T4_m16.log,16,completed,183,normal,102.797855,194,11,15,12.835051546391753
H77_T4_m16.log,16,completed,184,normal,103.888506,194,11,15,12.835051546391753
H77_T4_m16.log,16,completed,185,normal,102.852857,194,11,15,12.824742268041238
H77_T4_m16.log,16,completed,186,normal,102.630198,194,11,15,12.824742268041238
H77_T4_m16.log,16,completed,187,normal,102.143821,194,11,15,12.824742268041238
H77_T4_m16.log,16,completed,188,normal,103.900656,194,11,15,12.824742268041238
H77_T4_m16.log,16,completed,189,normal,102.304741,194,11,15,12.824742268041238
H77_T4_m16.log,16,completed,190,normal,102.717354,194,11,15,12.824742268041238
H77_T4_m16.log,16,completed,191,normal,102.782356,194,11,15,12.824742268041238
H77_T4_m16.log,16,completed,192,normal,103.819128,194,11,15,12.835051546391753
H77_T4_m16.log,16,completed,193,normal,102.203738,194,11,15,12.824742268041238
H77_T4_m16.log,16,completed,194,normal,102.830442,194,11,15,12.824742268041238
H77_T4_m16.log,16,completed,195,normal,102.577162,194,11,15,12.814432989690722
H77_T4_m16.log,16,completed,196,normal,103.525506,194,11,15,12.814432989690722
H77_T4_m16.log,16,completed,197,normal,102.665845,194,11,15,12.814432989690722
H77_T4_m16.log,16,completed,198,normal,103.043380,194,11,15,12.793814432989691
H77_T4_m16.log,16,completed,199,normal,102.353100,194,11,15,12.793814432989691
H77_T4_m16.log,16,completed,200,normal,103.428586,194,11,15,12.793814432989691
H77_T4_m16.log,16,completed,201,normal,102.851015,194,11,15,12.793814432989691
H77_T4_m16.log,16,completed,202,normal,102.741741,194,11,15,12.793814432989691
H77_T4_m16.log,16,completed,203,normal,102.431893,194,11,15,12.793814432989691
H77_T4_m16.log,16,completed,204,normal,103.570112,194,11,15,12.793814432989691
H77_T4_m16.log,16,completed,205,normal,102.216882,194,11,15,12.793814432989691
H77_T4_m16.log,16,completed,206,normal,103.094124,194,11,15,12.783505154639176
H77_T4_m16.log,16,completed,207,normal,102.584309,194,11,15,12.783505154639176
H77_T4_m16.log,16,completed,208,normal,103.595954,194,11,15,12.783505154639176
H77_T4_m16.log,16,completed,209,normal,102.810263,194,11,15,12.783505154639176
H77_T4_m16.log,16,completed,210,normal,103.423956,194,11,15,12.783505154639176
H77_T4_m16.log,16,completed,211,normal,102.563003,194,11,15,12.783505154639176
H77_T4_m16.log,16,completed,212,normal,103.680473,194,11,15,12.762886597938145
H77_T4_m16.log,16,completed,213,normal,102.424694,194,11,15,12.762886597938145
H77_T4_m16.log,16,completed,214,normal,103.338277,194,11,15,12.75257731958763
H77_T4_m16.log,16,completed,215,normal,102.777135,194,11,15,12.731958762886597
H77_T4_m16.log,16,completed,216,normal,103.102895,194,11,15,12.721649484536082
H77_T4_m16.log,16,completed,217,normal,102.092831,194,11,15,12.721649484536082
H77_T4_m16.log,16,completed,218,normal,102.732077,194,11,15,12.721649484536082
H77_T4_m16.log,16,completed,219,normal,101.849264,194,11,15,12.721649484536082
H77_T4_m16.log,16,completed,220,normal,103.181911,194,11,15,12.721649484536082
H77_T4_m16.log,16,completed,221,normal,104.062167,194,11,15,12.721649484536082
H77_T4_m16.log,16,completed,222,normal,103.193289,194,11,15,12.711340206185566
H77_T4_m16.log,16,completed,223,normal,102.741111,194,11,15,12.70103092783505
H77_T4_m16.log,16,completed,224,normal,102.540990,194,11,15,12.70103092783505
H77_T4_m16.log,16,completed,225,normal,102.714840,194,11,15,12.70103092783505
H77_T4_m16.log,16,completed,226,normal,102.687947,194,11,15,12.70103092783505
H77_T4_m16.log,16,completed,227,normal,103.205814,194,11,15,12.70103092783505
H77_T4_m16.log,16,completed,228,normal,103.740814,194,11,15,12.70103092783505
H77_T4_m16.log,16,completed,229,normal,103.158105,194,11,15,12.70103092783505
H77_T4_m16.log,16,completed,230,normal,102.572608,194,11,15,12.70103092783505
H77_T4_m16.log,16,completed,231,normal,101.602797,194,11,15,12.70103092783505
H77_T4_m16.log,16,completed,232,normal,102.376471,194,11,15,12.70103092783505
H77_T4_m16.log,16,completed,233,normal,102.168061,194,11,15,12.70103092783505
H77_T4_m16.log,16,completed,234,normal,102.013967,194,11,15,12.70103092783505
H77_T4_m16.log,16,completed,235,normal,101.530444,194,11,15,12.70103092783505
H77_T4_m16.log,16,completed,236,normal,102.417666,194,11,15,12.70103092783505
H77_T4_m16.log,16,completed,237,normal,102.421315,194,11,15,12.70103092783505
H77_T4_m16.log,16,completed,238,normal,101.983523,194,11,15,12.70103092783505
H77_T4_m16.log,16,completed,239,normal,101.551762,194,11,15,12.70103092783505
H77_T4_m16.log,16,completed,240,normal,102.735300,194,11,15,12.70103092783505
H77_T4_m16.log,16,completed,241,normal,103.314775,194,11,15,12.70103092783505
H77_T4_m16.log,16,completed,242,normal,103.205081,194,11,15,12.70103092783505
H77_T4_m16.log,16,completed,243,normal,102.302043,194,11,15,12.70103092783505
H77_T4_m16.log,16,completed,244,normal,103.185250,194,11,15,12.70103092783505
H77_T4_m16.log,16,completed,245,normal,103.605928,194,11,15,12.70103092783505
H77_T4_m16.log,16,completed,246,normal,102.874453,194,11,15,12.70103092783505
H77_T4_m16.log,16,completed,247,normal,101.420674,194,11,15,12.70103092783505
H77_T4_m16.log,16,completed,248,normal,102.008511,194,11,15,12.70103092783505
H77_T4_m16.log,16,completed,249,normal,102.936533,194,11,15,12.70103092783505
H77_T4_m16.log,16,completed,250,normal,103.063539,194,11,15,12.690721649484535
H77_T4_m32.log,32,failed_or_cancelled,,no_completed_step,,,,,
